tag	BA2000	BA2006	BA2020	BA2501	BA2024	BA2068 	BA2712	BA2885	BA2344	BA2804	BA2233	BA2054	
AAAAAAAAAAAAAAAAAAAAAAAAAAAACGT	0	8	2	0	3	0	0	0	0	0	0	
AAAAAAAAAAAAAAAAAAAAAAAAAAACAGC	0	6	4	2	0	0	0	0	0	0	0	
AAAAAAAAAAAAAAAAAAAAAAAAAAACCCT	4	28	5	2	3	0	0	0	0	0	0	
AAAAAAAAAAAAAAAAAAAAAAAAAAACCCG	4	6	3	0	3	0	0	0	0	0	0	
AAAAAAAAAAAAAAAAAAAAAAAAAAACCTG	0	12	5	0	2	0	0	0	0	0	0	
AAAAAAAAAAAAAAAAAAAAAAAAAAACTTG	0	10	4	4	2	0	0	0	0	0	0	
AAAAAAAAAAAAAAAAAAAAAAAAAAACGGG	5	19	2	0	2	0	0	0	0	0	0	
AAAAAAAAAAAAAAAAAAAAAAAAAAATCCT	0	23	4	0	3	0	0	0	0	0	0	
AAAAAAAAAAAAAAAAAAAAAAAAAAATTGC	0	12	0	3	2	0	0	0	0	0	0	
AAAAAAAAAAAAAAAAAAAAAAAAAAATGTT	9	37	4	2	0	0	0	0	0	0	0	
AAAAAAAAAAAAAAAAAAAAAAAAAAAGCCC	0	34	2	0	5	0	0	0	0	0	0	
AAAAAAAAAAAAAAAAAAAAAAAAAAAGCGC	2	4	3	0	0	0	0	0	0	0	0	
AAAAAAAAAAAAAAAAAAAAAAAAAAAGTTA	2	50	2	0	0	0	0	0	0	0	0	
AAAAAAAAAAAAAAAAAAAAAAAAAAAGTTG	2	55	3	0	5	0	0	0	0	0	0	
AAAAAAAAAAAAAAAAAAAAAAAAAAAGTGT	0	28	0	2	4	0	0	0	0	0	0	
AAAAAAAAAAAAAAAAAAAAAAAAAACACTA	2	2	2	0	0	0	0	0	0	0	0	
AAAAAAAAAAAAAAAAAAAAAAAAAACATAT	3	3	3	0	0	0	0	0	0	0	0	
AAAAAAAAAAAAAAAAAAAAAAAAAACATTT	2	8	3	0	0	0	0	0	0	0	0	
AAAAAAAAAAAAAAAAAAAAAAAAAACAGCA	2	3	3	2	0	0	0	0	0	0	0	
AAAAAAAAAAAAAAAAAAAAAAAAAACCAGA	0	5	3	0	5	0	0	0	0	0	0	
AAAAAAAAAAAAAAAAAAAAAAAAAACCCCT	0	5	0	3	2	0	0	0	0	0	0	
AAAAAAAAAAAAAAAAAAAAAAAAAACCCGG	2	7	2	0	0	0	0	0	0	0	0	
AAAAAAAAAAAAAAAAAAAAAAAAAACTAGC	0	10	2	0	2	0	0	0	0	0	0	
AAAAAAAAAAAAAAAAAAAAAAAAAACTCTT	0	4	4	0	2	0	0	0	0	0	0	
AAAAAAAAAAAAAAAAAAAAAAAAAACTTAA	0	10	3	2	0	0	0	0	0	0	0	
AAAAAAAAAAAAAAAAAAAAAAAAAACGGGG	4	19	2	0	0	0	0	0	0	0	0	
AAAAAAAAAAAAAAAAAAAAAAAAAATAGAT	0	4	2	0	2	0	0	0	0	0	0	
AAAAAAAAAAAAAAAAAAAAAAAAAATAGCT	0	7	0	2	3	0	0	0	0	0	0	
AAAAAAAAAAAAAAAAAAAAAAAAAATCTAA	2	11	0	2	0	0	0	0	0	0	0	
AAAAAAAAAAAAAAAAAAAAAAAAAATTAAG	2	16	0	0	2	0	0	0	0	0	0	
AAAAAAAAAAAAAAAAAAAAAAAAAATTACA	0	4	3	0	2	0	0	0	0	0	0	
AAAAAAAAAAAAAAAAAAAAAAAAAATTATG	0	5	2	2	0	0	0	0	0	0	0	
AAAAAAAAAAAAAAAAAAAAAAAAAATTCAG	2	13	0	2	2	0	0	0	0	0	0	
AAAAAAAAAAAAAAAAAAAAAAAAAATTCTT	0	20	2	2	2	0	0	0	0	0	0	
AAAAAAAAAAAAAAAAAAAAAAAAAATTTTC	2	10	3	0	4	0	0	0	0	0	0	
AAAAAAAAAAAAAAAAAAAAAAAAAATGAGT	2	2	2	0	2	0	0	0	0	0	0	
AAAAAAAAAAAAAAAAAAAAAAAAAATGTTT	5	19	2	0	0	0	0	0	0	0	0	
AAAAAAAAAAAAAAAAAAAAAAAAAATGGGG	0	17	3	3	0	0	0	0	0	0	0	
AAAAAAAAAAAAAAAAAAAAAAAAAAGAACC	2	12	6	0	0	0	0	0	0	0	0	
AAAAAAAAAAAAAAAAAAAAAAAAAAGATGG	3	22	3	0	0	0	0	0	0	0	0	
AAAAAAAAAAAAAAAAAAAAAAAAAAGAGCT	0	7	0	3	2	0	0	0	0	0	0	
AAAAAAAAAAAAAAAAAAAAAAAAAAGAGTA	2	9	0	0	3	0	0	0	0	0	0	
AAAAAAAAAAAAAAAAAAAAAAAAAAGAGTT	4	39	0	2	3	0	0	0	0	0	0	
AAAAAAAAAAAAAAAAAAAAAAAAAAGAGGT	2	18	2	0	4	0	0	0	0	0	0	
AAAAAAAAAAAAAAAAAAAAAAAAAAGCCTG	0	12	0	2	2	0	0	0	0	0	0	
AAAAAAAAAAAAAAAAAAAAAAAAAAGTAAT	0	4	2	0	3	0	0	0	0	0	0	
AAAAAAAAAAAAAAAAAAAAAAAAAAGTATC	0	2	2	0	2	0	0	0	0	0	0	
AAAAAAAAAAAAAAAAAAAAAAAAAAGTATG	0	13	2	0	2	0	0	0	0	0	0	
AAAAAAAAAAAAAAAAAAAAAAAAAAGTAGC	3	8	0	0	3	0	0	0	0	0	0	
AAAAAAAAAAAAAAAAAAAAAAAAAAGTTAG	3	15	0	0	2	0	0	0	0	0	0	
AAAAAAAAAAAAAAAAAAAAAAAAAAGTGGA	0	9	2	0	3	0	0	0	0	0	0	
AAAAAAAAAAAAAAAAAAAAAAAAAAGGAAT	0	26	3	0	3	0	0	0	0	0	0	
AAAAAAAAAAAAAAAAAAAAAAAAAAGGAGT	3	12	3	0	0	0	0	0	0	0	0	
AAAAAAAAAAAAAAAAAAAAAAAAAAGGCCA	2	13	3	2	0	0	0	0	0	0	0	
AAAAAAAAAAAAAAAAAAAAAAAAAAGGCTG	0	21	0	2	2	0	0	0	0	0	0	
AAAAAAAAAAAAAAAAAAAAAAAAAAGGTGC	2	8	0	2	0	0	0	0	0	0	0	
AAAAAAAAAAAAAAAAAAAAAAAAAAGGGGC	2	12	2	0	0	0	0	0	0	0	0	
AAAAAAAAAAAAAAAAAAAAAAAAACAAGAT	2	5	4	0	0	0	0	0	0	0	0	
AAAAAAAAAAAAAAAAAAAAAAAAACAAGGG	3	5	3	0	3	0	0	0	0	0	0	
AAAAAAAAAAAAAAAAAAAAAAAAACACCCC	2	5	0	0	2	0	0	0	0	0	0	
AAAAAAAAAAAAAAAAAAAAAAAAACATTTT	2	8	3	0	0	0	0	0	0	0	0	
AAAAAAAAAAAAAAAAAAAAAAAAACAGGAG	2	2	0	0	2	0	0	0	0	0	0	
AAAAAAAAAAAAAAAAAAAAAAAAACCACCC	2	2	0	0	3	0	0	0	0	0	0	
AAAAAAAAAAAAAAAAAAAAAAAAACCAGAA	0	6	3	0	2	0	0	0	0	0	0	
